{"cameraMode":{"drawMode":0,"name":"Shaded","section":"Shading Mode"},"sceneLighting":true,"audioPlay":false,"sceneViewState":{"showFog":true,"showMaterialUpdate":true,"showSkybox":true,"showFlares":true,"showImageEffects":true,"showParticleSystems":true},"in2DMode":false,"pivot":{"x":980.9458618164063,"y":1.0722006559371949,"z":881.9177856445313},"rotation":{"x":-0.00047715273103676736,"y":0.9993419647216797,"z":-0.037802331149578097,"w":-0.011685417965054512},"size":0.9111282229423523,"orthographic":false}